-- sample.sql: 10 sample rows per main entity to match DataInitializer
-- UUIDs chosen to match DataInitializer arrays where applicable

-- Categories
INSERT INTO Category (c_id, c_name) VALUES
('22222222-2222-2222-2222-222222222221','Category 1'),
('22222222-2222-2222-2222-222222222222','Category 2'),
('22222222-2222-2222-2222-222222222223','Category 3'),
('22222222-2222-2222-2222-222222222224','Category 4'),
('22222222-2222-2222-2222-222222222225','Category 5'),
('22222222-2222-2222-2222-222222222226','Category 6'),
('22222222-2222-2222-2222-222222222227','Category 7'),
('22222222-2222-2222-2222-222222222228','Category 8'),
('22222222-2222-2222-2222-222222222229','Category 9'),
('22222222-2222-2222-2222-222222222230','Category 10');

-- Brands
INSERT INTO Brand (brand_id, brand_name) VALUES
('33333333-3333-3333-3333-333333333331','Brand 1'),
('33333333-3333-3333-3333-333333333332','Brand 2'),
('33333333-3333-3333-3333-333333333333','Brand 3'),
('33333333-3333-3333-3333-333333333334','Brand 4'),
('33333333-3333-3333-3333-333333333335','Brand 5'),
('33333333-3333-3333-3333-333333333336','Brand 6'),
('33333333-3333-3333-3333-333333333337','Brand 7'),
('33333333-3333-3333-3333-333333333338','Brand 8'),
('33333333-3333-3333-3333-333333333339','Brand 9'),
('33333333-3333-3333-3333-333333333340','Brand 10');

-- Colors
INSERT INTO Color (color_id, color_name, color_code) VALUES
('44444444-4444-4444-4444-444444444441','Red 1','#FF0001'),
('44444444-4444-4444-4444-444444444442','Green 1','#00FF01'),
('44444444-4444-4444-4444-444444444443','Blue 1','#0000FF'),
('44444444-4444-4444-4444-444444444444','Black 1','#000000'),
('44444444-4444-4444-4444-444444444445','White 1','#FFFFFF'),
('44444444-4444-4444-4444-444444444446','Yellow 1','#FFFF00'),
('44444444-4444-4444-4444-444444444447','Purple 1','#800080'),
('44444444-4444-4444-4444-444444444448','Orange 1','#FFA500'),
('44444444-4444-4444-4444-444444444449','Gray 1','#808080'),
('44444444-4444-4444-4444-444444444450','Cyan 1','#00FFFF');

-- Products
INSERT INTO Product (p_id, p_name, p_desc, price, c_id, brand_id) VALUES
('55555555-5555-5555-5555-555555555551','Product 1','Sample product 1',10.00,'22222222-2222-2222-2222-222222222221','33333333-3333-3333-3333-333333333331'),
('55555555-5555-5555-5555-555555555552','Product 2','Sample product 2',20.00,'22222222-2222-2222-2222-222222222222','33333333-3333-3333-3333-333333333332'),
('55555555-5555-5555-5555-555555555553','Product 3','Sample product 3',30.00,'22222222-2222-2222-2222-222222222223','33333333-3333-3333-3333-333333333333'),
('55555555-5555-5555-5555-555555555554','Product 4','Sample product 4',40.00,'22222222-2222-2222-2222-222222222224','33333333-3333-3333-3333-333333333334'),
('55555555-5555-5555-5555-555555555555','Product 5','Sample product 5',50.00,'22222222-2222-2222-2222-222222222225','33333333-3333-3333-3333-333333333335'),
('55555555-5555-5555-5555-555555555556','Product 6','Sample product 6',60.00,'22222222-2222-2222-2222-222222222226','33333333-3333-3333-3333-333333333336'),
('55555555-5555-5555-5555-555555555557','Product 7','Sample product 7',70.00,'22222222-2222-2222-2222-222222222227','33333333-3333-3333-3333-333333333337'),
('55555555-5555-5555-5555-555555555558','Product 8','Sample product 8',80.00,'22222222-2222-2222-2222-222222222228','33333333-3333-3333-3333-333333333338'),
('55555555-5555-5555-5555-555555555559','Product 9','Sample product 9',90.00,'22222222-2222-2222-2222-222222222229','33333333-3333-3333-3333-333333333339'),
('55555555-5555-5555-5555-555555555560','Product 10','Sample product 10',100.00,'22222222-2222-2222-2222-222222222230','33333333-3333-3333-3333-333333333340');

-- ProductDetails (img_list stored as JSON string)
-- 5 product details per product, each img_list has at least 4 /img/clothes.png
INSERT INTO ProductDetails (pd_id, p_id, color_id, img_list, size, amount, in_stock) VALUES
('66666666-6666-6666-6666-666666666661','55555555-5555-5555-5555-555555555551','44444444-4444-4444-4444-444444444441','["/img/clothes.png","/img/clothes.png","/img/clothes.png","/img/clothes.png"]','S',10,1),
('66666666-6666-6666-6666-666666666662','55555555-5555-5555-5555-555555555551','44444444-4444-4444-4444-444444444442','["/img/clothes.png","/img/clothes.png","/img/clothes.png","/img/clothes.png"]','M',9,1),
('66666666-6666-6666-6666-666666666663','55555555-5555-5555-5555-555555555551','44444444-4444-4444-4444-444444444443','["/img/clothes.png","/img/clothes.png","/img/clothes.png","/img/clothes.png"]','L',8,1),
('66666666-6666-6666-6666-666666666664','55555555-5555-5555-5555-555555555551','44444444-4444-4444-4444-444444444444','["/img/clothes.png","/img/clothes.png","/img/clothes.png","/img/clothes.png"]','XL',7,0),
('66666666-6666-6666-6666-666666666665','55555555-5555-5555-5555-555555555551','44444444-4444-4444-4444-444444444445','["/img/clothes.png","/img/clothes.png","/img/clothes.png","/img/clothes.png"]','XXL',6,1),

('66666666-6666-6666-6666-666666666666','55555555-5555-5555-5555-555555555552','44444444-4444-4444-4444-444444444446','["/img/clothes.png","/img/clothes.png","/img/clothes.png","/img/clothes.png"]','S',10,1),
('66666666-6666-6666-6666-666666666667','55555555-5555-5555-5555-555555555552','44444444-4444-4444-4444-444444444447','["/img/clothes.png","/img/clothes.png","/img/clothes.png","/img/clothes.png"]','M',9,1),
('66666666-6666-6666-6666-666666666668','55555555-5555-5555-5555-555555555552','44444444-4444-4444-4444-444444444448','["/img/clothes.png","/img/clothes.png","/img/clothes.png","/img/clothes.png"]','L',8,1),
('66666666-6666-6666-6666-666666666669','55555555-5555-5555-5555-555555555552','44444444-4444-4444-4444-444444444449','["/img/clothes.png","/img/clothes.png","/img/clothes.png","/img/clothes.png"]','XL',7,0),
('66666666-6666-6666-6666-666666666670','55555555-5555-5555-5555-555555555552','44444444-4444-4444-4444-444444444450','["/img/clothes.png","/img/clothes.png","/img/clothes.png","/img/clothes.png"]','XXL',6,1),

('66666666-6666-6666-6666-666666666671','55555555-5555-5555-5555-555555555553','44444444-4444-4444-4444-444444444441','["/img/clothes.png","/img/clothes.png","/img/clothes.png","/img/clothes.png"]','S',10,1),
('66666666-6666-6666-6666-666666666672','55555555-5555-5555-5555-555555555553','44444444-4444-4444-4444-444444444442','["/img/clothes.png","/img/clothes.png","/img/clothes.png","/img/clothes.png"]','M',9,1),
('66666666-6666-6666-6666-666666666673','55555555-5555-5555-5555-555555555553','44444444-4444-4444-4444-444444444443','["/img/clothes.png","/img/clothes.png","/img/clothes.png","/img/clothes.png"]','L',8,1),
('66666666-6666-6666-6666-666666666674','55555555-5555-5555-5555-555555555553','44444444-4444-4444-4444-444444444444','["/img/clothes.png","/img/clothes.png","/img/clothes.png","/img/clothes.png"]','XL',7,0),
('66666666-6666-6666-6666-666666666675','55555555-5555-5555-5555-555555555553','44444444-4444-4444-4444-444444444445','["/img/clothes.png","/img/clothes.png","/img/clothes.png","/img/clothes.png"]','XXL',6,1),

('66666666-6666-6666-6666-666666666676','55555555-5555-5555-5555-555555555554','44444444-4444-4444-4444-444444444446','["/img/clothes.png","/img/clothes.png","/img/clothes.png","/img/clothes.png"]','S',10,1),
('66666666-6666-6666-6666-666666666677','55555555-5555-5555-5555-555555555554','44444444-4444-4444-4444-444444444447','["/img/clothes.png","/img/clothes.png","/img/clothes.png","/img/clothes.png"]','M',9,1),
('66666666-6666-6666-6666-666666666678','55555555-5555-5555-5555-555555555554','44444444-4444-4444-4444-444444444448','["/img/clothes.png","/img/clothes.png","/img/clothes.png","/img/clothes.png"]','L',8,1),
('66666666-6666-6666-6666-666666666679','55555555-5555-5555-5555-555555555554','44444444-4444-4444-4444-444444444449','["/img/clothes.png","/img/clothes.png","/img/clothes.png","/img/clothes.png"]','XL',7,0),
('66666666-6666-6666-6666-666666666680','55555555-5555-5555-5555-555555555554','44444444-4444-4444-4444-444444444450','["/img/clothes.png","/img/clothes.png","/img/clothes.png","/img/clothes.png"]','XXL',6,1),

('66666666-6666-6666-6666-666666666681','55555555-5555-5555-5555-555555555555','44444444-4444-4444-4444-444444444441','["/img/clothes.png","/img/clothes.png","/img/clothes.png","/img/clothes.png"]','S',10,1),
('66666666-6666-6666-6666-666666666682','55555555-5555-5555-5555-555555555555','44444444-4444-4444-4444-444444444442','["/img/clothes.png","/img/clothes.png","/img/clothes.png","/img/clothes.png"]','M',9,1),
('66666666-6666-6666-6666-666666666683','55555555-5555-5555-5555-555555555555','44444444-4444-4444-4444-444444444443','["/img/clothes.png","/img/clothes.png","/img/clothes.png","/img/clothes.png"]','L',8,1),
('66666666-6666-6666-6666-666666666684','55555555-5555-5555-5555-555555555555','44444444-4444-4444-4444-444444444444','["/img/clothes.png","/img/clothes.png","/img/clothes.png","/img/clothes.png"]','XL',7,0),
('66666666-6666-6666-6666-666666666685','55555555-5555-5555-5555-555555555555','44444444-4444-4444-4444-444444444445','["/img/clothes.png","/img/clothes.png","/img/clothes.png","/img/clothes.png"]','XXL',6,1),

('66666666-6666-6666-6666-666666666686','55555555-5555-5555-5555-555555555556','44444444-4444-4444-4444-444444444446','["/img/clothes.png","/img/clothes.png","/img/clothes.png","/img/clothes.png"]','S',10,1),
('66666666-6666-6666-6666-666666666687','55555555-5555-5555-5555-555555555556','44444444-4444-4444-4444-444444444447','["/img/clothes.png","/img/clothes.png","/img/clothes.png","/img/clothes.png"]','M',9,1),
('66666666-6666-6666-6666-666666666688','55555555-5555-5555-5555-555555555556','44444444-4444-4444-4444-444444444448','["/img/clothes.png","/img/clothes.png","/img/clothes.png","/img/clothes.png"]','L',8,1),
('66666666-6666-6666-6666-666666666689','55555555-5555-5555-5555-555555555556','44444444-4444-4444-4444-444444444449','["/img/clothes.png","/img/clothes.png","/img/clothes.png","/img/clothes.png"]','XL',7,0),
('66666666-6666-6666-6666-666666666690','55555555-5555-5555-5555-555555555556','44444444-4444-4444-4444-444444444450','["/img/clothes.png","/img/clothes.png","/img/clothes.png","/img/clothes.png"]','XXL',6,1),

('66666666-6666-6666-6666-666666666691','55555555-5555-5555-5555-555555555557','44444444-4444-4444-4444-444444444441','["/img/clothes.png","/img/clothes.png","/img/clothes.png","/img/clothes.png"]','S',10,1),
('66666666-6666-6666-6666-666666666692','55555555-5555-5555-5555-555555555557','44444444-4444-4444-4444-444444444442','["/img/clothes.png","/img/clothes.png","/img/clothes.png","/img/clothes.png"]','M',9,1),
('66666666-6666-6666-6666-666666666693','55555555-5555-5555-5555-555555555557','44444444-4444-4444-4444-444444444443','["/img/clothes.png","/img/clothes.png","/img/clothes.png","/img/clothes.png"]','L',8,1),
('66666666-6666-6666-6666-666666666694','55555555-5555-5555-5555-555555555557','44444444-4444-4444-4444-444444444444','["/img/clothes.png","/img/clothes.png","/img/clothes.png","/img/clothes.png"]','XL',7,0),
('66666666-6666-6666-6666-666666666695','55555555-5555-5555-5555-555555555557','44444444-4444-4444-4444-444444444445','["/img/clothes.png","/img/clothes.png","/img/clothes.png","/img/clothes.png"]','XXL',6,1),

('66666666-6666-6666-6666-666666666696','55555555-5555-5555-5555-555555555558','44444444-4444-4444-4444-444444444446','["/img/clothes.png","/img/clothes.png","/img/clothes.png","/img/clothes.png"]','S',10,1),
('66666666-6666-6666-6666-666666666697','55555555-5555-5555-5555-555555555558','44444444-4444-4444-4444-444444444447','["/img/clothes.png","/img/clothes.png","/img/clothes.png","/img/clothes.png"]','M',9,1),
('66666666-6666-6666-6666-666666666698','55555555-5555-5555-5555-555555555558','44444444-4444-4444-4444-444444444448','["/img/clothes.png","/img/clothes.png","/img/clothes.png","/img/clothes.png"]','L',8,1),
('66666666-6666-6666-6666-666666666699','55555555-5555-5555-5555-555555555558','44444444-4444-4444-4444-444444444449','["/img/clothes.png","/img/clothes.png","/img/clothes.png","/img/clothes.png"]','XL',7,0),
('66666666-6666-6666-6666-666666666700','55555555-5555-5555-5555-555555555558','44444444-4444-4444-4444-444444444450','["/img/clothes.png","/img/clothes.png","/img/clothes.png","/img/clothes.png"]','XXL',6,1),

('66666666-6666-6666-6666-666666666701','55555555-5555-5555-5555-555555555559','44444444-4444-4444-4444-444444444441','["/img/clothes.png","/img/clothes.png","/img/clothes.png","/img/clothes.png"]','S',10,0),
('66666666-6666-6666-6666-666666666702','55555555-5555-5555-5555-555555555559','44444444-4444-4444-4444-444444444442','["/img/clothes.png","/img/clothes.png","/img/clothes.png","/img/clothes.png"]','M',9,0),
('66666666-6666-6666-6666-666666666703','55555555-5555-5555-5555-555555555559','44444444-4444-4444-4444-444444444443','["/img/clothes.png","/img/clothes.png","/img/clothes.png","/img/clothes.png"]','L',8,0),
('66666666-6666-6666-6666-666666666704','55555555-5555-5555-5555-555555555559','44444444-4444-4444-4444-444444444444','["/img/clothes.png","/img/clothes.png","/img/clothes.png","/img/clothes.png"]','XL',7,0),
('66666666-6666-6666-6666-666666666705','55555555-5555-5555-5555-555555555559','44444444-4444-4444-4444-444444444445','["/img/clothes.png","/img/clothes.png","/img/clothes.png","/img/clothes.png"]','XXL',6,0),

-- Users (table name is Users)
INSERT INTO Users (user_id, email, password, u_name, phone_number, address, role, isActive) VALUES
('11111111-1111-1111-1111-111111111111','user1@example.com','password1','User 1','0900000001','123 Main St','USER',1),
('11111111-1111-1111-1111-111111111112','user2@example.com','password2','User 2','0900000002','124 Main St','EMPLOYEE',1),
('11111111-1111-1111-1111-111111111113','user3@example.com','password3','User 3','0900000003','125 Main St','ADMIN',1),
('11111111-1111-1111-1111-111111111114','user4@example.com','password4','User 4','0900000004','126 Main St','USER',1),
('11111111-1111-1111-1111-111111111115','user5@example.com','password5','User 5','0900000005','127 Main St','USER',0),
('11111111-1111-1111-1111-111111111116','user6@example.com','password6','User 6','0900000006','128 Main St','EMPLOYEE',1),
('11111111-1111-1111-1111-111111111117','user7@example.com','password7','User 7','0900000007','129 Main St','USER',1),
('11111111-1111-1111-1111-111111111118','user8@example.com','password8','User 8','0900000008','130 Main St','ADMIN',1),
('11111111-1111-1111-1111-111111111119','user9@example.com','password9','User 9','0900000009','131 Main St','USER',1),
('11111111-1111-1111-1111-111111111120','user10@example.com','password10','User 10','0900000010','132 Main St','USER',1);

-- Banners
INSERT INTO Banner (banner_id, image_url, is_active, title, u_id) VALUES
('aaaaaaaa-aaaa-aaaa-aaaa-aaaaaaaaaa01','https://example.com/banner1.jpg',1,'Banner 1','11111111-1111-1111-1111-111111111111'),
('aaaaaaaa-aaaa-aaaa-aaaa-aaaaaaaaaa02','https://example.com/banner2.jpg',1,'Banner 2','11111111-1111-1111-1111-111111111112'),
('aaaaaaaa-aaaa-aaaa-aaaa-aaaaaaaaaa03','https://example.com/banner3.jpg',1,'Banner 3','11111111-1111-1111-1111-111111111113'),
('aaaaaaaa-aaaa-aaaa-aaaa-aaaaaaaaaa04','https://example.com/banner4.jpg',1,'Banner 4','11111111-1111-1111-1111-111111111114'),
('aaaaaaaa-aaaa-aaaa-aaaa-aaaaaaaaaa05','https://example.com/banner5.jpg',1,'Banner 5','11111111-1111-1111-1111-111111111115'),
('aaaaaaaa-aaaa-aaaa-aaaa-aaaaaaaaaa06','https://example.com/banner6.jpg',1,'Banner 6','11111111-1111-1111-1111-111111111116'),
('aaaaaaaa-aaaa-aaaa-aaaa-aaaaaaaaaa07','https://example.com/banner7.jpg',1,'Banner 7','11111111-1111-1111-1111-111111111117'),
('aaaaaaaa-aaaa-aaaa-aaaa-aaaaaaaaaa08','https://example.com/banner8.jpg',1,'Banner 8','11111111-1111-1111-1111-111111111118'),
('aaaaaaaa-aaaa-aaaa-aaaa-aaaaaaaaaa09','https://example.com/banner9.jpg',1,'Banner 9','11111111-1111-1111-1111-111111111119'),
('aaaaaaaa-aaaa-aaaa-aaaa-aaaaaaaaaa10','https://example.com/banner10.jpg',1,'Banner 10','11111111-1111-1111-1111-111111111120');

-- CustomerOrder
INSERT INTO Orders (o_id, u_id, status, date_created, total_price) VALUES
('77777777-7777-7777-7777-777777777771','11111111-1111-1111-1111-111111111111','PENDING','2023-01-01T00:00:00Z',10.00),
('77777777-7777-7777-7777-777777777772','11111111-1111-1111-1111-111111111112','PROCESSING','2023-01-02T00:00:00Z',20.00),
('77777777-7777-7777-7777-777777777773','11111111-1111-1111-1111-111111111113','SHIPPING','2023-01-03T00:00:00Z',30.00),
('77777777-7777-7777-7777-777777777774','11111111-1111-1111-1111-111111111114','DELIVERED','2023-01-04T00:00:00Z',40.00),
('77777777-7777-7777-7777-777777777775','11111111-1111-1111-1111-111111111115','CANCELLED','2023-01-05T00:00:00Z',50.00),
('77777777-7777-7777-7777-777777777776','11111111-1111-1111-1111-111111111116','PENDING','2023-01-06T00:00:00Z',60.00),
('77777777-7777-7777-7777-777777777777','11111111-1111-1111-1111-111111111117','PROCESSING','2023-01-07T00:00:00Z',70.00),
('77777777-7777-7777-7777-777777777778','11111111-1111-1111-1111-111111111118','SHIPPING','2023-01-08T00:00:00Z',80.00),
('77777777-7777-7777-7777-777777777779','11111111-1111-1111-1111-111111111119','DELIVERED','2023-01-09T00:00:00Z',90.00),
('77777777-7777-7777-7777-777777777780','11111111-1111-1111-1111-111111111120','PENDING','2023-01-10T00:00:00Z',100.00);

-- OrderDetails
-- references the first product detail for each product (pd ids ending with 61..70)
INSERT INTO OrderDetails (od_id, o_id, pd_id, quantity, price) VALUES
('88888888-8888-8888-8888-888888888881','77777777-7777-7777-7777-777777777771','66666666-6666-6666-6666-666666666661',2,10.00),
('88888888-8888-8888-8888-888888888882','77777777-7777-7777-7777-777777777772','66666666-6666-6666-6666-666666666666',1,20.00),
('88888888-8888-8888-8888-888888888883','77777777-7777-7777-7777-777777777773','66666666-6666-6666-6666-666666666671',2,30.00),
('88888888-8888-8888-8888-888888888884','77777777-7777-7777-7777-777777777774','66666666-6666-6666-6666-666666666676',1,40.00),
('88888888-8888-8888-8888-888888888885','77777777-7777-7777-7777-777777777775','66666666-6666-6666-6666-666666666681',1,50.00),
('88888888-8888-8888-8888-888888888886','77777777-7777-7777-7777-777777777776','66666666-6666-6666-6666-666666666686',2,60.00),
('88888888-8888-8888-8888-888888888887','77777777-7777-7777-7777-777777777777','66666666-6666-6666-6666-666666666691',1,70.00),
('88888888-8888-8888-8888-888888888888','77777777-7777-7777-7777-777777777778','66666666-6666-6666-6666-666666666696',3,80.00),
('88888888-8888-8888-8888-888888888889','77777777-7777-7777-7777-777777777779','66666666-6666-6666-6666-666666666701',1,90.00),
('88888888-8888-8888-8888-888888888890','77777777-7777-7777-7777-777777777780','66666666-6666-6666-6666-666666666706',1,100.00);

-- Ratings
INSERT INTO Rating (rating_id, u_id, p_id, rating_value) VALUES
('99999999-9999-9999-9999-999999999991','11111111-1111-1111-1111-111111111111','55555555-5555-5555-5555-555555555551',5),
('99999999-9999-9999-9999-999999999992','11111111-1111-1111-1111-111111111112','55555555-5555-5555-5555-555555555552',4),
('99999999-9999-9999-9999-999999999993','11111111-1111-1111-1111-111111111113','55555555-5555-5555-5555-555555555553',3),
('99999999-9999-9999-9999-999999999994','11111111-1111-1111-1111-111111111114','55555555-5555-5555-5555-555555555554',2),
('99999999-9999-9999-9999-999999999995','11111111-1111-1111-1111-111111111115','55555555-5555-5555-5555-555555555555',1),
('99999999-9999-9999-9999-999999999996','11111111-1111-1111-1111-111111111116','55555555-5555-5555-5555-555555555556',5),
('99999999-9999-9999-9999-999999999997','11111111-1111-1111-1111-111111111117','55555555-5555-5555-5555-555555555557',4),
('99999999-9999-9999-9999-999999999998','11111111-1111-1111-1111-111111111118','55555555-5555-5555-5555-555555555558',3),
('99999999-9999-9999-9999-999999999999','11111111-1111-1111-1111-111111111119','55555555-5555-5555-5555-555555555559',2),
('99999999-9999-9999-9999-999999999990','11111111-1111-1111-1111-111111111120','55555555-5555-5555-5555-555555555560',5);
